charger_id,operator,station_address,postcode,source,decision,match_method,distance_m,candidate_operator,candidate_address,candidate_postcode,reject_reason
2,BP,"01 Wallgrove Road, Sydney, 2766",2766,open_charge_map,accepted,operator_and_distance,64.9,BP,"BP Truckstop, Wallgrove Road & Old Wallgrove Road",2766,
3,NRMA,"1 - 7 Ross St, Wilcannia NSW 2836, Australia",2350,open_charge_map,accepted,operator_and_distance,29.3,NRMA,82 Marsh Street,2350,
24,Evie,"1 Ingham Dr, Casula NSW 2170",2170,open_charge_map,accepted,operator_and_distance,125.6,Evie,1 Ingham Dr,2170,
36,JOLT,"1 Park St, Sydney, 2103",2103,open_charge_map,accepted,operator_and_distance,5.7,JOLT,1 Park St,2103,
60,Tesla,"10 Winery Dr, Port Macquarie, 2444",2444,open_charge_map,accepted,operator_and_distance,0.1,Tesla,764 Pacific Highway,2444,
69,Chargefox,"1067 Oxley Hwy, Thrumster, 2444",2444,open_charge_map,accepted,operator_and_distance,29.9,Chargefox,1063 Oxley Highway,2444,
80,NRMA,"11 Ewingsdale Rd, Ewingsdale, 2481",2481,open_charge_map,accepted,operator_and_distance,48.4,NRMA,Ewingsdale Road,,
87,JOLT,"110 Anzac Pde, Sydney, 2033",2033,open_charge_map,accepted,operator_and_distance,17.9,JOLT,110 Anzac Pde,2033,
88,JOLT,"1106 Barrenjoey Rd, Sydney, 2108",2108,open_charge_map,accepted,operator_and_distance,23.6,JOLT,"Barrenjoey Road, Palm Beach",2108,
95,NRMA,"116 Liverpool St, Scone, NSW 2337, Australia",2880,open_charge_map,accepted,operator_and_distance,47.0,NRMA,51 Bromide St,2880,
99,Chargefox,"1183-1187 The Horsley Dr, Sydney, 2164",2164,open_charge_map,accepted,operator_and_distance,79.8,Chargefox,1183-1187 The Horsley Drive,2164,
100,Engie,"1183-1187 The Horsley Dr, Wetherill Park NSW 2164",2164,open_charge_map,accepted,distance_only,44.7,Chargefox,1183-1187 The Horsley Drive,2164,
103,Evie,"119 Stenhouse Drive, Cameron Park, 2285",2285,open_charge_map,accepted,operator_and_distance,12.6,Evie,119 Stenhouse Drive,2285,
107,Ampol,"12 Hume Hwy, Pheasants Nest, 2574",2574,open_charge_map,accepted,operator_and_distance,236.6,Ampol,Lot 12 Hume Hwy,2574,
108,Ampol,"12 Hume Hwy, Pheasants Nest, 2574",2574,open_charge_map,accepted,operator_and_distance,87.9,Ampol,Lots 1 & 2 Hume Hwy,2574,
124,Chargefox,"126 Mackay Ave, Yoogali, 2680",2680,open_charge_map,accepted,operator_and_distance,55.4,Chargefox,"Kurrajong Avenue, Yoogali",2680,
127,Evie,"128 Flood Street, Leichhardt NSW 2040",2040,open_charge_map,accepted,operator_and_distance,225.5,Evie,128 Flood Street,2040,
134,Evie,"13125 Hume Hwy, Sutton Forest, 2577",2577,open_charge_map,accepted,operator_and_distance,7.3,Evie,Hume Hwy,,
137,NRMA,"132 Pound Street, Grafton, 2460",2460,open_charge_map,accepted,operator_and_distance,66.6,NRMA,Pound Street,,
141,NRMA,"134 Lachlan St, Hay, 2711",2711,open_charge_map,accepted,operator_and_distance,27.4,NRMA,134 Lachlan St,2711,
142,NRMA,"134 Lachlan St, Hay, 2711",2711,open_charge_map,accepted,operator_and_distance,173.8,NRMA,134 Lachlan St,2711,
144,BP,"134-136 Grafton St, Coffs Harbour, 2450",2450,open_charge_map,accepted,operator_and_distance,15.7,BP,136 Pacific Highway,2450,
155,NRMA,"140 Queen St, Berry, 2535",2535,open_charge_map,accepted,operator_and_distance,27.2,NRMA,,,
171,Tesla,"15 Chancellors Dr, Thrumster , 2444",2444,open_charge_map,accepted,operator_and_distance,53.9,Tesla,"John Oxley Drive, Thrumster",2444,
180,NRMA,"15 Victory St, Braidwood, NSW 2622, Australia",2835,open_charge_map,accepted,operator_and_distance,1.6,NRMA,3 Broomfield Street,2835,
187,Ampol,"153 Coreen Ave Cnr Castlereagh Rd, Penrith, NSW, 2750",2750,open_charge_map,accepted,operator_and_distance,25.1,Ampol,153 Coreen Ave,2750,
192,BP,"15620 Hume Hwy, Marulan, 2579",2579,open_charge_map,accepted,operator_and_distance,27.8,BP,15597 Hume Hwy,,
193,BP,"15666 Hume Hwy, Marulan, 2579",2579,open_charge_map,accepted,operator_and_distance,40.2,BP,Hume Highway,2579,
194,NRMA,"157 Rouse Street, Tenterfield, NSW 2372, Australia",2825,open_charge_map,accepted,operator_and_distance,3.5,NRMA,18 Cobar Street,2825,
215,JOLT,"17 Stanley St, Sydney, 2210",2210,open_charge_map,accepted,operator_and_distance,236.2,JOLT,17-25 Stanley St,2210,
229,Evie,"18 Victoria Avenue, Castle Hill NSW 2154",2154,open_charge_map,accepted,operator_and_distance,18.3,Evie,18 Victoria Avenue,2154,
236,Tesla,"185 Princes Hwy, Narooma , 2546",2546,open_charge_map,accepted,operator_and_distance,0.0,Tesla,185 Princes Highway,,
239,Evie,"188 Raglan St, Sydney, 2088",2088,open_charge_map,accepted,operator_and_distance,15.0,Evie,188 Raglan St,2088,
246,Tesla,"19 Princes Hwy, Figtree NSW 2525, Australia",2525,open_charge_map,accepted,operator_and_distance,151.4,Tesla,"Figtree Grove Shopping Centre, The Avenue",2525,
270,Evie,"2 Hercules Street, Murrumbateman, 2582",2582,open_charge_map,accepted,operator_and_distance,6.1,Evie,2 Hercules Street,2582,
277,Tesla,"2 Ocean Dr, Kew, 2439",2439,open_charge_map,accepted,operator_and_distance,13.1,Tesla,2 Ocean Drive,2439,
283,Evie,"2 Rosenthal Ave, Lane Cove NSW 2066",2066,open_charge_map,accepted,operator_and_distance,3.7,Evie,2 Rosenthal Ave,,
300,Evie,"200 Crown St, Wollongong NSW 2500",2500,open_charge_map,accepted,operator_and_distance,85.5,Evie,Regent Street,2500,
303,Evie,"201 Manning River Drive, Taree, 2430",2430,open_charge_map,accepted,operator_and_distance,10.6,Evie,"Manning River Drive, Glenthorne",2430,
304,Tesla,"201 Sloane St, Goulburn , 2580",2580,open_charge_map,accepted,operator_and_distance,8.3,Tesla,201 Sloan St,,
306,Tesla,20-22 Camden Rd Campbelltown NSW 2560 Australia,2560,open_charge_map,accepted,operator_and_distance,131.2,Tesla,20-22 Camden Road,2560,
323,Ampol,"211 Lake Entrance Rd, Shellharbour City Centre, 2529",2529,open_charge_map,accepted,operator_and_distance,402.3,Ampol,Lake Entrance Road,2529,
334,BP,"224 Princes Hwy, Wollongong, 2519",2519,open_charge_map,accepted,operator_and_distance,38.0,BP,224 Princes Hwy,2519,
341,Evie,"227 Railway Terrace, Schofields NSW 2762",2762,open_charge_map,accepted,operator_and_distance,71.3,Evie,227 Railway Rerrace,,
343,Tesla,"2285 Pacific Hwy, Heatherbrae, 2324",2324,open_charge_map,accepted,operator_and_distance,83.6,Tesla,2285 Pacific Highway,2324,
354,Evie,"24 Cooper St, Macksville, 2447",2447,open_charge_map,accepted,operator_and_distance,29.5,Evie,24 Cooper St,2447,
357,Tesla,"24 Sallys Corner Rd, Exeter , 2579",2579,open_charge_map,accepted,operator_and_distance,8.5,Tesla,Sallys Corner Rd,2579,
364,BP,"24-42 King Georges Rd, Sydney, 2195",2195,open_charge_map,accepted,operator_and_distance,27.4,BP,24-42 King Georges Road,2195,
369,Evie,"25 Frenchs Forest Rd E, Frenchs Forest NSW 2086",2086,open_charge_map,accepted,operator_and_distance,13.5,Evie,25 Frenchs Forest Rd E,2086,
370,Chargefox,"250 Comur St, Yass, 2582",2582,open_charge_map,accepted,operator_and_distance,43.7,Chargefox,Comur Street,,
374,Tesla,"253 Pacific Hwy, Coffs Harbour, 2450",2450,open_charge_map,accepted,operator_and_distance,0.1,Tesla,253 Pacific Highway,2450,
384,Evie,"260A Liverpool Rd, Ashfield NSW 2131",2131,open_charge_map,accepted,operator_and_distance,0.0,Evie,260A Liverpool Rd,2131,
394,NRMA,"28 Auburn Street, Moree, NSW 2400, Australia",2716,open_charge_map,accepted,operator_and_distance,41.6,NRMA,Powell Street,2716,
396,EVUp,"28 Lawson St, Byron Bay, 2481",2481,open_charge_map,accepted,distance_only,18.3,Chargefox,Lawson Street,2481,
408,NRMA,"29-55 Twynam St, Narrandera, 2700",2700,open_charge_map,accepted,operator_and_distance,16.9,NRMA,31 Twynam Street,2700,
409,NRMA,"29-55 Twynam St, Narrandera, 2700",2700,open_charge_map,accepted,operator_and_distance,203.4,NRMA,31 Twynam Street,2700,
412,NRMA,"2A Beach Rd, Batemans Bay, 2536",2536,open_charge_map,accepted,operator_and_distance,12.9,NRMA,2A Beach Road,2536,
416,NRMA,"3 Broomfield St, Cobar, NSW 2835, Australia",2840,open_charge_map,accepted,operator_and_distance,0.5,NRMA,15 Mitchell St,2840,
455,Evie,"32 Sydney St, Tarcutta, 2652",2652,open_charge_map,accepted,operator_and_distance,4.6,Evie,32 Sydney Street,,
457,Evie,"322 Woodville Rd, Guildford NSW 2161",2161,open_charge_map,accepted,operator_and_distance,83.2,Evie,322 Woodville Road,2161,
461,BP,"329-339 Princes Hwy, Sydney, 2044",2044,open_charge_map,accepted,operator_and_distance,25.9,BP,339 Princes Hwy,2044,
466,Evie,"330 Pennant Hills Rd, Pennant Hills NSW 2120",2120,open_charge_map,accepted,distance_only,0.0,Chargefox,330 Pennant Hills Road,2120,
470,Tesla,"34 Annie Pyers Dr, Gundagai , 2722",2722,open_charge_map,accepted,operator_and_distance,7.4,Tesla,34 Annie Pyers Drive,2722,
481,Chargefox,"345 Victoria Ave, Sydney, 2067",2067,open_charge_map,accepted,operator_and_distance,231.7,Chargefox,345 Victoria Avenue,2067,
482,Tesla,"3483 Jerrys Plains Rd, Jerrys Plains, 2330",2330,open_charge_map,accepted,operator_and_distance,99.7,Tesla,3483 Golden Hwy,,
484,Engie,"3-5 Underwood Rd, Homebush NSW 2140",2140,open_charge_map,accepted,distance_only,11.7,Chargefox,3 -5 Underwood Road,2140,
496,NRMA,"37 Nabiac St, Nabiac, 2312",2312,open_charge_map,accepted,operator_and_distance,20.0,NRMA,Nabiac Street,2312,
501,Ampol,"38 Abbott Rd, Seven Hills NSW 2147",2147,open_charge_map,accepted,distance_only,33.0,Evie,38 Abbott Rd,2147,
503,Tesla,"38 Swift St, Holbrook, 2644",2644,open_charge_map,accepted,operator_and_distance,49.1,Tesla,Swift Street,2644,
513,Ampol,"4 Defries Ave, Sydney, 2017",2017,open_charge_map,accepted,distance_only,11.8,Chargefox,4 Defries Avenue,2017,
528,Evie,"401 Cabramatta Rd W, Cabramatta NSW 2166",2166,open_charge_map,accepted,operator_and_distance,14.3,Evie,401 Cabramatta Road,,
529,Chargefox,"403 Tarean Rd, Karuah, 2324",2324,open_charge_map,accepted,operator_and_distance,23.7,Chargefox,403 Tarean Road,2324,
542,Chargefox,"42 Camden Rd, Sydney, 2560",2560,open_charge_map,accepted,operator_and_distance,107.7,Chargefox,38 Camden Rd,2560,
551,Chargefox,"44 Bangalow Rd, Ballina, 2478",2478,open_charge_map,accepted,operator_and_distance,35.0,Chargefox,44 Bangalow Road,2478,
555,Chargefox,"44 Molesworth St, Lismore, 2480",2480,open_charge_map,accepted,operator_and_distance,30.9,Chargefox,44 Molesworth St,2480,
565,Evie,"4-6 New St, Lawson NSW 2783",2783,open_charge_map,accepted,operator_and_distance,1.8,Evie,4-6 New Street,2783,
566,Evie,"4-6 Niangala Cl, Belrose NSW 2085",2085,open_charge_map,accepted,operator_and_distance,31.1,Evie,4-6 Niangala Close,2085,
606,NRMA,"528 John Oxley Dr, Thrumster, 2444",2444,open_charge_map,accepted,operator_and_distance,28.0,NRMA,John Oxley Drive,2444,
609,Chargefox,"53 Sydney Rd, Goulburn, 2580",2580,open_charge_map,accepted,distance_only,8.5,NRMA,"Sydney Road, Bradfordville",2580,
612,Evie,"53A Orient St, Batemans Bay, 2536",2536,open_charge_map,accepted,operator_and_distance,89.5,Evie,51 Orient Street,2536,
617,Evie,"54-76 Captain Cook Dr, Caringbah NSW 2229",2229,open_charge_map,accepted,operator_and_distance,13.8,Evie,54-76 Captain Cook Drive,2229,
627,Tesla,"56 Morpeth St, Harwood , 2465",2465,open_charge_map,accepted,operator_and_distance,9.6,Tesla,56 Morpeth St.,2465,
636,Tesla,"58 Phillip St, West Tamworth , 2340",2340,open_charge_map,accepted,operator_and_distance,20.5,Tesla,21 Park Street,2340,
637,BP,"580 Parramatta Rd, Sydney, 2132",2132,open_charge_map,accepted,distance_only,14.1,Evie,586A Parramatta Rd,2132,
638,Tesla,"580 Princes Hwy, Sydney, 2232",2232,open_charge_map,accepted,operator_and_distance,76.9,Tesla,Princes Highway,2232,
643,Ampol,"59-61 Pacific Hwy Cnr Unwin Rd, Waitara, NSW, 2077",2077,open_charge_map,accepted,operator_and_distance,10.0,Ampol,"Corner Pacific Highway, Unwin Road",2077,
647,Chargefox,"6 Boundary St, Sydney, 2081",2081,open_charge_map,accepted,operator_and_distance,0.1,Chargefox,6 Boundary Street,2081,
653,Evie,"6 Myahgah Rd, Sydney, 2088",2088,open_charge_map,accepted,operator_and_distance,12.3,Evie,6 Myahgah Road,,
681,JOLT,"7 Bungan St, Sydney, 2103",2103,open_charge_map,accepted,operator_and_distance,11.8,JOLT,2 Bungan St,2103,
687,NRMA,"7 Tank St, Lithgow, 2790",2790,open_charge_map,accepted,operator_and_distance,7.7,NRMA,Tank St,,
698,Evie,"73 Belmore Road, Randwick NSW 2031",2031,open_charge_map,accepted,operator_and_distance,14.6,Evie,73 Belmore Road,2031,
704,NRMA,"76 Cowper St, Wallsend, 2287",2287,open_charge_map,accepted,operator_and_distance,26.4,NRMA,76 Cowper Street,2287,
706,Tesla,"76 Wingewarra St, Dubbo , 2830",2830,open_charge_map,accepted,operator_and_distance,0.0,Tesla,76 Wingewarra Street,2830,
708,NRMA,"77 Darling St, Cowra, 2794",2794,open_charge_map,accepted,operator_and_distance,89.2,NRMA,77 Darling Street,2794,
713,Ampol,"78 Great Western Hwy Cnr Ross St, Glenbrook, NSW, 2773",2773,open_charge_map,accepted,operator_and_distance,7.9,Ampol,78 Great Western Highway,2773,
730,NRMA,"81 Meehan St, Yass NSW 2582, Australia",2500,open_charge_map,accepted,operator_and_distance,8.3,NRMA,17 Stewart Street,2500,
735,NRMA,"82 Marsh St, Armidale, NSW 2350, Australia",2666,open_charge_map,accepted,operator_and_distance,181.3,NRMA,Little Hoskins Street,2666,
736,Evie,"82A O'Connell St, Sydney, 2747",2747,open_charge_map,accepted,operator_and_distance,51.4,Evie,82a O’Connell Street,,
739,Tesla,"85/91 Commissioner St, Cooma , 2630",2630,open_charge_map,accepted,operator_and_distance,0.1,Tesla,85-91 Commissioner Street,2630,
750,Evie,"88 Christie St, St Leonards NSW 2065",2065,open_charge_map,accepted,operator_and_distance,14.6,Evie,88 Christie St,2065,
756,NRMA,"89 Market St, Balranald, 2715",2715,open_charge_map,accepted,operator_and_distance,20.8,NRMA,89 Market Street,2715,
759,Chargefox,"895 South Dowling St, Sydney, 2017",2017,open_charge_map,accepted,operator_and_distance,15.6,Chargefox,895 South Dowling Street,2017,
764,Evie,"9 Eastern Valley Way, Northbridge NSW 2063",2063,open_charge_map,accepted,operator_and_distance,24.3,Evie,9 Eastern Valley Way,2063,
772,Evie,"91 Spring St, Sydney, 2022",2022,open_charge_map,accepted,operator_and_distance,38.1,Evie,"91 Spring St , NSW 2022",2022,
777,Evie,"93 Byamee St, Dapto NSW 2530",2530,open_charge_map,accepted,operator_and_distance,47.2,Evie,Moombara Street,2530,
783,Evie,"9-49 Chapel Rd, Bankstown NSW 2200",2200,open_charge_map,accepted,operator_and_distance,5.1,Evie,9-49 Chapel Road,,
785,Chargefox,"96 Mackay Ave, Yoogali, 2680",2680,open_charge_map,accepted,operator_and_distance,73.4,Chargefox,"Owen Drive, Yoogali",2680,
805,Tesla,"B640 Princes Hwy, Berry, 2535",2535,open_charge_map,accepted,operator_and_distance,46.0,Tesla,B640 Princes Highway,,
815,Tesla,"Bryant Dr, Central Coast, 2259",2259,open_charge_map,accepted,operator_and_distance,127.7,Tesla,Bryant Drive & Wyong Road,,
817,Chargefox,"Bunnerong Rd, Sydney, 2036",2036,open_charge_map,accepted,operator_and_distance,87.2,Chargefox,439 Bunnerong Road,2036,
821,NRMA,"Car Park behind the Civic Centre, Orange, 2800",2800,open_charge_map,accepted,operator_and_distance,1.9,NRMA,Orange Civic Theatre,2800,
822,NRMA,"Car park, 51 Evans St (Victoria Park), Inverell, NSW 2360, Australia",2650,open_charge_map,accepted,operator_and_distance,57.2,NRMA,8 Cross Street,,
823,NRMA,"Car park, Little Hoskins St, Temora, NSW 2666",2354,open_charge_map,accepted,operator_and_distance,48.1,NRMA,10W Apsley Street,2354,
825,Ampol,"Castlereagh Rd, Sydney, 2750",2750,open_charge_map,accepted,operator_and_distance,5.9,Ampol,153 Coreen Ave,2750,
826,Ampol,"Central Ave 2, Sydney, 2015",2015,open_charge_map,accepted,distance_only,30.4,Chargefox,2 Central Avenue,2015,
834,Evie,"Cnr Herring & Waterloo Rd, North Ryde NSW 2113",2113,open_charge_map,accepted,operator_and_distance,172.2,Evie,Cnr Herring Rd & Waterloo Rd,2113,
835,Tesla,"Cnr Herring Rd & Waterloo Rd, Sydney, 2113",2113,open_charge_map,accepted,operator_and_distance,183.3,Tesla,Macquarie Supercharger,2113,
839,NRMA,"Corner of Snowy River Avenue and Kalkite St, Jindabyne, 2627",2627,open_charge_map,accepted,operator_and_distance,6.2,NRMA,3 Snowy River Ave,2627,
843,NRMA,"Dalton St, Parkes, 2870",2870,open_charge_map,accepted,operator_and_distance,23.2,NRMA,Bogan Street,2870,
850,Evie,"Dorhauer Ln, Sydney, 2025",2025,open_charge_map,accepted,operator_and_distance,5.5,Evie,Dorhauer Lane,2025,
852,NRMA,"Eskbank St, Lithgow, 2790",2790,open_charge_map,accepted,operator_and_distance,426.5,NRMA,Tank St,,
853,Tesla,"f 419 Hinterland Wy, Knockrow , 2479",2479,open_charge_map,accepted,operator_and_distance,0.1,Tesla,419 Hinterland Way,2479,
861,NRMA,"Gipps St, Bega, 2550",2550,open_charge_map,accepted,operator_and_distance,52.7,NRMA,81 Gipps Street,,
867,Chargefox,"Harbour Boulevard, Shell Cove, 2529",2529,open_charge_map,accepted,operator_and_distance,36.6,Chargefox,Harbour Boulevarde,2529,
868,BP,"Hassall St, Sydney, 2142",2142,open_charge_map,accepted,operator_and_distance,76.3,BP,Hassall Street,2142,
869,BP,"Hassall Street & James Rouse Drive, Sydney, 2142",2142,open_charge_map,accepted,operator_and_distance,85.6,BP,Hassall Street,2142,
879,Chargefox,"Innovation Way, Wollongong, 2500",2500,open_charge_map,accepted,operator_and_distance,5.9,Chargefox,Off Innovation Way,2500,
887,NRMA,"Kintore Headframe Car Park, 51 Bromide St, Broken Hill, NSW 2880, Australia",2836,open_charge_map,accepted,operator_and_distance,56.9,NRMA,1-7 Ross St,2836,
910,NRMA,"Mortimer St, Mudgee, 2850",2850,open_charge_map,accepted,operator_and_distance,7.5,NRMA,Perry Street,2850,
915,NRMA,"Murray Rose Ave, Sydney, 2127",2127,open_charge_map,accepted,operator_and_distance,4.7,NRMA,9 Murray Rose Ave,2127,
927,Chargefox,"Pacific Hwy, Boambee, 2450",2450,open_charge_map,accepted,operator_and_distance,15.6,Chargefox,Pacific Highway,2450,
932,Evie,"Pole Ln, Sydney, 2065",2065,open_charge_map,accepted,operator_and_distance,417.5,Evie,88 Christie St,2065,
938,NRMA,"Prospect St, Holbrook, 2644",2644,open_charge_map,accepted,operator_and_distance,174.5,NRMA,7 Prospect Street,,
943,NRMA,"Riverside Dr, Jugiong, 2726",2726,open_charge_map,accepted,operator_and_distance,30.2,NRMA,319 Riverside Drive,,
946,NRMA,"Rogan Ln, Young, 2594",2594,open_charge_map,accepted,operator_and_distance,10.8,NRMA,88 Lovell Street,,
952,NRMA,"Shire St, West Wyalong, 2671",2671,open_charge_map,accepted,operator_and_distance,34.0,NRMA,"13-15 Shire St, West Wyalong NSW 2671",2671,
954,NRMA,"Short St, Mudgee, 2850",2850,open_charge_map,accepted,operator_and_distance,75.1,NRMA,47 Short Street,2850,
955,NRMA,"Skillman's Lane, Coonamble, NSW 2829, Australia",2582,open_charge_map,accepted,operator_and_distance,22.8,NRMA,81 Meehan Street,2582,
959,NRMA,"Sommerlad Ln, Glen Innes, 2370",2370,open_charge_map,accepted,operator_and_distance,0.5,NRMA,Sommerlad Lane,2370,
960,Everty,"Stuart St, Wagga Wagga, 2650",2650,open_charge_map,accepted,operator_and_distance,18.6,Everty,"Stuart Road, East Wagga Wagga",2650,
961,Chargefox,"Sunset Blvd, Soldiers Point, 2317",2317,open_charge_map,accepted,operator_and_distance,10.7,Chargefox,Sunset Blvd,2317,
970,NRMA,"Vesper St, Batemans Bay, 2536",2536,open_charge_map,accepted,operator_and_distance,100.2,NRMA,12 Vesper Street,2536,
972,Everty,"Waddells Ave, Singleton, 2330",2330,open_charge_map,accepted,operator_and_distance,35.0,Everty,1 waddells lane ,2330,
974,NRMA,"Walton Ln, Picton, 2571",2571,open_charge_map,accepted,operator_and_distance,9.3,NRMA,5 Walton Lane,2571,
977,NRMA,"Wingewarra St, Dubbo, 2830",2830,open_charge_map,accepted,operator_and_distance,15.7,NRMA,Wingewarra Street,,
980,BP,"Wyong Rd, Central Coast, 2261",2261,open_charge_map,accepted,operator_and_distance,17.4,BP,Cnr Mingara Dr & Wyong Rd,2261,
1069,Tesla,20-22 Camden Rd Campbelltown NSW 2560 Australia,,open_charge_map,accepted,operator_and_distance,88.4,Tesla,20-22 Camden Road,2560,
1288,Tesla,"173 Canterbury Road, Bankstown NSW 2200",2200,open_charge_map,accepted,operator_and_distance,137.6,Tesla,Chapel Road,,
1297,Tesla,"179-183 Hume St, Goulburn NSW 2580",2580,open_charge_map,accepted,operator_and_distance,130.5,Tesla,Lockyer Street,,
1315,Tesla,188 Fernleigh Rd Glenfield Park NSW 2650 Australia,2650,open_charge_map,accepted,operator_and_distance,81.1,Tesla,"Fernleigh Road, Glenfield Park",2650,
1333,Tesla,2 Bridge Rd Griffith NSW 2680 Australia,2680,open_charge_map,accepted,operator_and_distance,46.9,Tesla,2 Bridge Road,2680,
1348,Tesla,2 Moonee Beach Rd Moonee Beach NSW 2450 Australia,2450,open_charge_map,accepted,operator_and_distance,68.5,Tesla,2 Moonee Beach Rd,2450,
1508,Evie,"374 Peel St, Tamworth NSW 2340, Australia",2340,open_charge_map,accepted,operator_and_distance,36.8,Evie,Cooper Lane,2340,
1551,Tesla,"46 Wynter St, Taree NSW 2430, Australia",2430,open_charge_map,accepted,operator_and_distance,226.8,Tesla,37 Wynter Street,2430,
1554,Tesla,477 Coolac Rd Coolac NSW 2727 Australia,2727,open_charge_map,accepted,operator_and_distance,54.4,Tesla,477 Coolac Road ,2727,
1557,BP,"481 Pacific Hwy, Wyoming NSW 2250, Australia",2250,open_charge_map,accepted,operator_and_distance,24.3,BP,"Pacific Highway, Wyoming",2250,
1623,Tesla,618 Dean St Albury NSW 2640 Australia,2640,open_charge_map,accepted,operator_and_distance,49.2,Tesla,Stanley Street,2640,
1646,Tesla,"68 Lead St, Yass NSW 2582, Australia",2582,open_charge_map,accepted,operator_and_distance,25.1,Tesla,Lead Street,2582,
1753,NRMA,"Cabarita Beach Bowls and Sports Club, Cabarita Beach NSW 2488",2488,open_charge_map,accepted,operator_and_distance,58.1,NRMA,45 Cabarita Road,2488,
1758,NRMA,"Coonabarabran Visitor Cntr, Coonabarabran, 2357",2357,open_charge_map,accepted,operator_and_distance,12.9,NRMA,Newell Highway,,
1759,Tesla,Corner Sturgeon St & Glenelg St Raymond Terrace NSW 2324 Australia,2324,open_charge_map,accepted,operator_and_distance,97.6,Tesla,Glenelg Street,2324,
1772,Evie,"Gouldsbury St, Mosman NSW 2088, Australia",2088,open_charge_map,accepted,operator_and_distance,261.0,Evie,6 Myahgah Road,,
1777,Tesla,"Hope St, Blaxland NSW 2774, Australia",2774,open_charge_map,accepted,operator_and_distance,12.2,Tesla,126 Hope St,2774,
1778,Tesla,"Jessie St, Armidale NSW 2350, Australia",2350,open_charge_map,accepted,operator_and_distance,39.5,Tesla,117 Jessie Street,,
1812,Tesla,"1 Kendall Ave, Bathurst , 2795",2795,open_charge_map,accepted,operator_and_distance,15.5,Tesla,1 Kendall Ave,,
1813,NRMA,"1 Kendall Ave, Bathurst, 2795",2795,open_charge_map,accepted,operator_and_distance,195.8,NRMA,1 Kendall Avenue,,
248,JOLT,"19 Richmond Rd, Sydney, 2140",2140,open_charge_map,rejected,distance_only,1.7,,19 Richmond Road,2135,postcode_conflict
332,Evie,"221 Wolseley St, Jamisontown NSW 2750",2614,open_charge_map,rejected,operator_and_distance,13.4,Evie,221 Wolseley Street,2750,postcode_conflict
6,Tesla,"1 Bay St, Sydney, 2037",2037,open_charge_map,rejected,operator_and_distance,19.4,Tesla,1 Bay Street,2007,postcode_conflict
225,NRMA,"18 Dandaloo St, Nyngan, NSW 2825, Australia",2360,open_charge_map,rejected,operator_and_distance,26.6,NRMA,116 Liverpool Street,2337,postcode_conflict
298,Evie,"20 Smidmore St, Marrickville NSW 2204",2204,open_charge_map,rejected,operator_and_distance,28.5,Evie,Smidmore Street,2044,postcode_conflict
379,NRMA,"26 Neilly St, Walgett, NSW 2832, Australia",2337,open_charge_map,rejected,operator_and_distance,29.3,NRMA,Little Walker Street,2470,postcode_conflict
77,NRMA,"10W Apsley St, Walcha NSW 2354, Australia",2839,open_charge_map,rejected,operator_and_distance,56.5,NRMA,50 Bathurst Street,2839,address_conflict
401,Evie,"2848 Pacific Hwy, Tyndale NSW, 2464",2464,open_charge_map,rejected,operator_and_distance,63.8,Evie,2848 Big River Way,2460,postcode_conflict
1933,Tesla,"162 Rouse St, Tenterfield NSW 2372, Australia",2372,open_charge_map,rejected,operator_and_distance,78.4,Tesla,1 Crown St,2372,address_conflict
1691,Chargefox,"801-899R Bunnerong Rd, Chifley NSW 2036, Australia",2036,open_charge_map,rejected,operator_and_distance,87.2,Chargefox,439 Bunnerong Road,2036,address_conflict
216,NRMA,"17 Stewart St, Wollongong NSW 2500, Australia",2453,open_charge_map,rejected,operator_and_distance,120.5,NRMA,59 Evans Street,2360,postcode_conflict+address_conflict
649,NRMA,"6 Castlereagh St Gilgandra, NSW 2827, Australia",2832,open_charge_map,rejected,operator_and_distance,200.8,NRMA,26 Neilly Street,2832,address_conflict
37,Evie,"1 Perry St, Batemans Bay, 2536",2536,open_charge_map,rejected,operator_and_distance,317.7,Evie,51 Orient Street,2536,address_conflict
519,Evie,"40 Gouldsbury St, Sydney, 2088",2088,open_charge_map,rejected,operator_and_distance,345.4,Evie,6 Myahgah Road,,address_conflict
1636,Evie,"65 Hume St, Crows Nest NSW 2065, Australia",2065,open_charge_map,rejected,operator_and_distance,454.3,Evie,88 Christie St,2065,address_conflict
7,Evie,"1 Bells Blvd, Kingscliff, 2487",2487,open_charge_map,no_candidate,,,,,,
12,Tesla,"1 Dalgal Way, Sydney, 2037",2037,open_charge_map,no_candidate,,,,,,
17,Evie,"1 Frederick St, Sydney, 2064",2064,open_charge_map,no_candidate,,,,,,
20,Chargefox,"1 Greenbridge Dr, Wilton, 2571",2571,open_charge_map,no_candidate,,,,,,
28,NRMA,"1 Little Walker St, Casino, NSW 2470, Australia",2622,open_charge_map,no_candidate,,,,,,
38,Exploren,"1 Plunkett St, Sydney, 2065",2065,open_charge_map,no_candidate,,,,,,
48,Tesla,"1 Wharf St, Tweed Heads, 2485",2485,open_charge_map,no_candidate,,,,,,
50,Evie,"1/9 Railway Parade, Kogarah NSW 2217",2217,open_charge_map,no_candidate,,,,,,
51,Evie,"10 Brookfield Rd, Minto NSW 2566",2566,open_charge_map,no_candidate,,,,,,
54,Evie,"10 Elizabeth St, Bathurst, 2795",2795,open_charge_map,no_candidate,,,,,,
67,Ampol,"105 Station Rd, Sydney, 2147",2147,open_charge_map,no_candidate,,,,,,
68,Evie,"106 Parraween St, Sydney, 2090",2090,open_charge_map,no_candidate,,,,,,
70,JOLT,"1068 Pittwater Rd, Sydney, 2097",2097,open_charge_map,no_candidate,,,,,,
73,JOLT,"109 Beecroft Rd, Sydney, 2119",2119,open_charge_map,no_candidate,,,,,,
84,JOLT,"11 Scott St, Sydney, 2170",2170,open_charge_map,no_candidate,,,,,,
92,JOLT,"11-37 Alexandria Pde, Sydney, 2077",2077,open_charge_map,no_candidate,,,,,,
110,Engie,"12 Jacksons Rd, Warriewood NSW 2102",2102,open_charge_map,no_candidate,,,,,,
111,Evie,"12 Lord St, Botany NSW 2019",2019,open_charge_map,no_candidate,,,,,,
118,Exploren,"121 Princes Hwy, Wollongong, 2519",2519,open_charge_map,no_candidate,,,,,,
125,Chargefox,"127 Conadilly St, Gunnedah, 2380",2380,open_charge_map,no_candidate,,,,,,
128,Evie,"1-3 Dural St, Hornsby NSW 2077",2077,open_charge_map,no_candidate,,,,,,
136,Evie,"13-17 Princes Hwy, Albion Park Rail NSW 2527",2527,open_charge_map,no_candidate,,,,,,
138,JOLT,"133 Liverpool Rd, Sydney, 2134",2134,open_charge_map,no_candidate,,,,,,
140,Ampol,"133 Wyndham St Cnr Mcevoy St, Alexandria, NSW, 2015",2015,open_charge_map,no_candidate,,,,,,
151,JOLT,"14 Everton Rd, Sydney, 2135",2135,open_charge_map,no_candidate,,,,,,
154,Exploren,"140 Denison St, Sydney, 2036",2036,open_charge_map,no_candidate,,,,,,
156,JOLT,"141 Morgan St, Sydney, 2209",2209,open_charge_map,no_candidate,,,,,,
157,Engie,"141 Roselands Ave, Roselands NSW 2196",2196,open_charge_map,no_candidate,,,,,,
167,JOLT,"149 Alison Rd, Sydney, 2031",2031,open_charge_map,no_candidate,,,,,,
175,JOLT,"15 Merriville Rd, Sydney, 2155",2155,open_charge_map,no_candidate,,,,,,
176,JOLT,"15 Merriville Rd, Sydney, 2155",2155,open_charge_map,no_candidate,,,,,,
178,Evie,"15 Ridge St, Sydney, 2060",2060,open_charge_map,no_candidate,,,,,,
181,Ampol,"1509-1511 Pittwater Rd, Sydney, 2101",2101,open_charge_map,no_candidate,,,,,,
182,JOLT,"151 Beauchamp Rd, Sydney, 2036",2036,open_charge_map,no_candidate,,,,,,
186,Evie,"152 Pacific Hwy, 36 Josephson St, Swansea NSW 2281",2281,open_charge_map,no_candidate,,,,,,
191,Wevolt,"156 Melbourne St, Mulwala, 2647",2647,open_charge_map,no_candidate,,,,,,
196,NRMA,"15c Mitchell St, Bourke, NSW 2840, Australia",2453,open_charge_map,no_candidate,,,,,,
198,NRMA,"16 Berry St, Nowra, 2541",2541,open_charge_map,no_candidate,,,,,,
202,JOLT,"16 Oaks Ave, Sydney, 2099",2099,open_charge_map,no_candidate,,,,,,
205,Chargefox,"16-20 Goodhope St, Sydney, 2021",2021,open_charge_map,no_candidate,,,,,,
207,Ampol,"164 Mona Vale Rd, St Ives, NSW, 2075",2075,open_charge_map,no_candidate,,,,,,
211,BP,"169 Willoughby Rd, Sydney, 2065",2065,open_charge_map,no_candidate,,,,,,
214,Chargefox,"17 Smith St, Sydney, 2067",2067,open_charge_map,no_candidate,,,,,,
218,Exploren,"173 The Vineyards Rd, Lake George, 2581",2581,open_charge_map,no_candidate,,,,,,
227,Chargefox,"18 Silver St, Sydney, 2031",2031,open_charge_map,no_candidate,,,,,,
247,Evie,"1-9 Railway Parade, Kogarah NSW 2217",2217,open_charge_map,no_candidate,,,,,,
249,BP,"19 Windsor Rd, Sydney, 2155",2155,open_charge_map,no_candidate,,,,,,
254,Tesla,197-215 Condamine St Balgowlah NSW 2093 Australia,2093,open_charge_map,no_candidate,,,,,,
256,Ampol,"198 Great Western Highway, Hazelbrook, NSW, 2779",2779,open_charge_map,no_candidate,,,,,,
257,Evie,"1985 Camden Valley Way, Prestons NSW 2170",2170,open_charge_map,no_candidate,,,,,,
264,Evie,"2 Coast Hospital Rd, Sydney, 2036",2036,open_charge_map,no_candidate,,,,,,
265,BP,"2 Corkwood Rd, Valla, 2448",2448,open_charge_map,no_candidate,,,,,,
268,Exploren,"2 Hannabus Pl, Windsor, 2756",2756,open_charge_map,no_candidate,,,,,,
279,JOLT,"2 Premier St, Sydney, 2217",2217,open_charge_map,no_candidate,,,,,,
281,Chargefox,"2 Riddell St, Sydney, 2023",2023,open_charge_map,no_candidate,,,,,,
286,Chargefox,"2 Sentry Dr, Sydney, 2768",2768,open_charge_map,no_candidate,,,,,,
288,Evie,"2 Stewart St, Lithgow, 2790",2790,open_charge_map,no_candidate,,,,,,
295,Chargefox,"20 Owen St, Sydney, 2761",2761,open_charge_map,no_candidate,,,,,,
310,Evie,"205 Old Hume Hwy, Mittagong, 2575",2575,open_charge_map,no_candidate,,,,,,
312,Ampol,"2072 Camden Valley Way, Edmondson Park, NSW, 2174",2174,open_charge_map,no_candidate,,,,,,
313,NRMA,"2090 Broke Rd, Pokolbin, 2320",2320,open_charge_map,no_candidate,,,,,,
329,JOLT,"22 Cook Ln, Sydney, 2223",2223,open_charge_map,no_candidate,,,,,,
331,Evie,"220 Taren Point Rd, Caringbah NSW 2229",2229,open_charge_map,no_candidate,,,,,,
333,JOLT,"22-24 Park Ave, Sydney, 2134",2134,open_charge_map,no_candidate,,,,,,
335,Evie,"224 Prospect Hwy, Seven Hills NSW 2147",2147,open_charge_map,no_candidate,,,,,,
339,JOLT,"2260 Camden Valley Way, Sydney, 2170",2170,open_charge_map,no_candidate,,,,,,
340,JOLT,"2260 Camden Valley Way, Sydney, 2170",2170,open_charge_map,no_candidate,,,,,,
342,Everty,"228-234 Pacific Hwy, Swansea NSW, 2281",2281,open_charge_map,no_candidate,,,,,,
347,JOLT,"230 Arden St, Sydney, 2034",2034,open_charge_map,no_candidate,,,,,,
352,BP,"2398 Pacific Hwy, Heatherbrae, 2324",2324,open_charge_map,no_candidate,,,,,,
358,Evie,"240 Hillsborough Rd, Warners Bay NSW 2282",2282,open_charge_map,no_candidate,,,,,,
360,Viva Energy Australia,"241 Waterworth Dr, Mount Annan NSW 2567, Australia",2567,open_charge_map,no_candidate,,,,,,
366,Evie,"247 Belmore Rd, Riverwood NSW 2210",2210,open_charge_map,no_candidate,,,,,,
375,JOLT,"25-47 Ocean St, Sydney, 2101",2101,open_charge_map,no_candidate,,,,,,
377,Tesla,"26 Aspect Dr, Coffs Harbour, 2450",2450,open_charge_map,no_candidate,,,,,,
378,Evie,"26 Bent St, Sydney, 2137",2137,open_charge_map,no_candidate,,,,,,
383,Evie,"260 Jersey Rd, Plumpton NSW 2761",2761,open_charge_map,no_candidate,,,,,,
392,Evie,"27-33 Oaks Ave, Dee Why NSW 2099",2099,open_charge_map,no_candidate,,,,,,
398,Evie,"2-8 Turramurra Ave, Sydney, 2074",2074,open_charge_map,no_candidate,,,,,,
404,JOLT,"29 Windsor Rd, Sydney, 2155",2155,open_charge_map,no_candidate,,,,,,
407,JOLT,"293 Belmore Rd, Sydney, 2210",2210,open_charge_map,no_candidate,,,,,,
418,Evie,"3 Bungendore Rd, Queanbeyan NSW 2620",2620,open_charge_map,no_candidate,,,,,,
421,Chargefox,"3 Corkhill Pl, Bega, 2550",2550,open_charge_map,no_candidate,,,,,,
423,Evie,"3 George St, North Strathfield NSW 2137",2137,open_charge_map,no_candidate,,,,,,
426,Evie,"3 Leisure Dr, Tweed Heads, 2486",2486,open_charge_map,no_candidate,,,,,,
432,JOLT,"30 Dowling St, Sydney, 2096",2096,open_charge_map,no_candidate,,,,,,
434,JOLT,"302-312 Parramatta Rd, Sydney, 2134",2134,open_charge_map,no_candidate,,,,,,
435,Chargefox,"303 Henry Parry Dr, Central Coast, 2250",2250,open_charge_map,no_candidate,,,,,,
438,Tesla,"30-36 Sharp St, Cooma, 2630",2630,open_charge_map,no_candidate,,,,,,
440,Exploren,"30A Richland St, Sydney, 2208",2208,open_charge_map,no_candidate,,,,,,
444,JOLT,"31 Treacy St, Sydney, 2220",2220,open_charge_map,no_candidate,,,,,,
451,Exploren,"316 Victoria Rd, Sydney, 2116",2116,open_charge_map,no_candidate,,,,,,
456,Chargefox,"320 Princes Hwy, Bomaderry, 2541",2541,open_charge_map,no_candidate,,,,,,
459,BP,"328 Main Rd, Newcastle, 2285",2285,open_charge_map,no_candidate,,,,,,
463,Chargefox,"33 Moate St, Newcastle, 2298",2298,open_charge_map,no_candidate,,,,,,
476,Ampol,"342 Kanahooka Rd, Brownsville, NSW, 2530",2530,open_charge_map,no_candidate,,,,,,
479,Engie,"345 Victoria Ave, Chatswood NSW 2067",2067,open_charge_map,no_candidate,,,,,,
495,BP,"368 Anzac Pde, Sydney, 2032",2032,open_charge_map,no_candidate,,,,,,
500,Tesla,"375-383 Windsor Rd, Sydney, 2153",2153,open_charge_map,no_candidate,,,,,,
502,Chargefox,"38 Flora St, Sydney, 2232",2232,open_charge_map,no_candidate,,,,,,
511,Evie,"3A Cowell St, Sydney, 2111",2111,open_charge_map,no_candidate,,,,,,
517,Evie,"4 Tindall St, Sydney, 2560",2560,open_charge_map,no_candidate,,,,,,
520,Chargefox,"40 Jersey Rd, Sydney, 2770",2770,open_charge_map,no_candidate,,,,,,
524,JOLT,"40 Panmure St, Sydney, 2155",2155,open_charge_map,no_candidate,,,,,,
530,Chargefox,"405 Pacific Hwy, Sydney, 2064",2064,open_charge_map,no_candidate,,,,,,
532,BP,"41 Bruxner Hwy, Ballina, 2478",2478,open_charge_map,no_candidate,,,,,,
536,Exploren,"41 Yobarnie Ave, Richmond, 2754",2754,open_charge_map,no_candidate,,,,,,
540,Chargefox,"417-439 Bunnerong Rd, Sydney, 2035",2035,open_charge_map,no_candidate,,,,,,
552,JOLT,"44 Broadarrow Rd, Sydney, 2209",2209,open_charge_map,no_candidate,,,,,,
562,Exploren,"455 George St, Sydney, 2000",2000,open_charge_map,no_candidate,,,,,,
569,Exploren,"461 Victoria Rd, Sydney, 2111",2111,open_charge_map,no_candidate,,,,,,
573,JOLT,"472 Pacific Hwy, Sydney, 2066",2066,open_charge_map,no_candidate,,,,,,
574,Chargefox,"47-49A Cleary St, Newcastle, 2303",2303,open_charge_map,no_candidate,,,,,,
575,Ampol,"481 Princes Hwy, Sydney, 2232",2232,open_charge_map,no_candidate,,,,,,
576,BP,"487 Sydney Rd, Sydney, 2093",2093,open_charge_map,no_candidate,,,,,,
588,Exploren,"5 Ray St, Sydney, 2074",2074,open_charge_map,no_candidate,,,,,,
591,Evie,"5 Willowdale Dr, Denham Court NSW 2565",2565,open_charge_map,no_candidate,,,,,,
592,NRMA,"50 Bathurst St, Brewarrina, NSW 2839, Australia",2390,open_charge_map,no_candidate,,,,,,
594,Chargefox,"50 O'Sullivan Rd, Sydney, 2029",2029,open_charge_map,no_candidate,,,,,,
600,Ampol,"516 Punchbowl Rd Cnr Wangee Rd, Lakemba, NSW, 2195",2195,open_charge_map,no_candidate,,,,,,
613,JOLT,"54 Brighton St, Sydney, 2132",2132,open_charge_map,no_candidate,,,,,,
616,Evie,"54 Minjungbal Dr, Tweed Heads, 2486",2486,open_charge_map,no_candidate,,,,,,
622,JOLT,"550 Bunnerong Rd, Sydney, 2036",2036,open_charge_map,no_candidate,,,,,,
640,JOLT,"59 The Centre, Sydney, 2087",2087,open_charge_map,no_candidate,,,,,,
642,Evie,"594 Anzac Pde, Sydney, 2032",2032,open_charge_map,no_candidate,,,,,,
657,Evie,"60 Glenwood Park Dr, Glenwood NSW 2768",2768,open_charge_map,no_candidate,,,,,,
662,Evie,"60-62 Amherst St, Sydney, 2062",2062,open_charge_map,no_candidate,,,,,,
665,Evie,"620-658 Terrigal Dr, Central Coast, 2250",2250,open_charge_map,no_candidate,,,,,,
669,Evie,"634-726 Princes Hwy, Tempe NSW 2044",2044,open_charge_map,no_candidate,,,,,,
672,Chargefox,"66 Princes Hwy, Wollongong, 2519",2519,open_charge_map,no_candidate,,,,,,
674,Exploren,"67 Roberts Rd, Sydney, 2190",2190,open_charge_map,no_candidate,,,,,,
677,JOLT,"670 Richmond Rd, Sydney, 2761",2761,open_charge_map,no_candidate,,,,,,
680,Ampol,"69-71 Central Coast Hwy, Gosford West, NSW, 2250",2250,open_charge_map,no_candidate,,,,,,
685,Exploren,"7 Pemell Street, Toronto, 2283",2283,open_charge_map,no_candidate,,,,,,
696,JOLT,"725 Pittwater Rd, Sydney, 2099",2099,open_charge_map,no_candidate,,,,,,
699,Chargefox,"731-741 Military Rd, Sydney, 2088",2088,open_charge_map,no_candidate,,,,,,
702,Ampol,"741 George St, Windsor, 2756",2756,open_charge_map,no_candidate,,,,,,
710,Evie,"772 Anzac Pde, Sydney, 2035",2035,open_charge_map,no_candidate,,,,,,
711,Chargefox,"773 Old South Head Rd, Sydney, 2030",2030,open_charge_map,no_candidate,,,,,,
714,Chargefox,"7-9 Irvine Pl, Sydney, 2153",2153,open_charge_map,no_candidate,,,,,,
717,Exploren,"8 Euston Rd, Sydney, 2015",2015,open_charge_map,no_candidate,,,,,,
718,Exploren,"8 Federation Rd, Sydney, 2050",2050,open_charge_map,no_candidate,,,,,,
721,BP,"8 Kosciuszko Rd, Jindabyne, 2627",2627,open_charge_map,no_candidate,,,,,,
726,NRMA,"8/24 Cross St, Wagga Wagga, NSW 2650",2827,open_charge_map,no_candidate,,,,,,
727,NRMA,"80 Little Barber St, Gunnedah, 2380",2380,open_charge_map,no_candidate,,,,,,
729,NRMA,"81 Hickory St, Dorrigo, NSW 2453, Australia",2829,open_charge_map,no_candidate,,,,,,
734,JOLT,"819-827 Anzac Pde, Sydney, 2035",2035,open_charge_map,no_candidate,,,,,,
745,JOLT,"87 Winbourne Rd, Sydney, 2100",2100,open_charge_map,no_candidate,,,,,,
746,Evie,"872 Anzac Pde, Sydney, 2035",2035,open_charge_map,no_candidate,,,,,,
747,Ampol,"875 Richmond Rd, Marsden Park, NSW, 2765",2765,open_charge_map,no_candidate,,,,,,
748,Ampol,"87-91 Roberts Rd Cnr Moondo St, Greenacre, NSW, 2190",2190,open_charge_map,no_candidate,,,,,,
753,Tesla,"888 Pittwater Rd, Sydney, 2099",2099,open_charge_map,no_candidate,,,,,,
754,Evie,"88-90 Houston Rd, Sydney, 2032",2032,open_charge_map,no_candidate,,,,,,
755,NRMA,"89 Barwan St, Narrabri, NSW 2390, Australia,",2372,open_charge_map,no_candidate,,,,,,
757,BP,"89 Williamson Rd, Sydney, 2565",2565,open_charge_map,no_candidate,,,,,,
765,Ampol,"9 Flinders St, Wollongong North, NSW, 2500",2500,open_charge_map,no_candidate,,,,,,
766,JOLT,"9 Lagoon St, Sydney, 2101",2101,open_charge_map,no_candidate,,,,,,
769,Evie,"9 Vickery Ave, Sydney, 2029",2029,open_charge_map,no_candidate,,,,,,
774,Ampol,"917-923 Old Northern Rd, Dural, NSW, 2158",2158,open_charge_map,no_candidate,,,,,,
775,Evie,"92 Houston Rd, Kingsford NSW 2032, Australia",2032,open_charge_map,no_candidate,,,,,,
778,ChargeHub,"93 Princes Hwy, Ulladulla, 2539",2539,open_charge_map,no_candidate,,,,,,
779,Evie,"930 Old Northern Rd, Glenorie NSW 2157",2157,open_charge_map,no_candidate,,,,,,
787,Chargefox,"96-100 Centennial Cct, Byron Bay, 2481",2481,open_charge_map,no_candidate,,,,,,
791,Chargefox,"97R Brook St, Sydney, 2034",2034,open_charge_map,no_candidate,,,,,,
792,Ampol,"98-100 Windsor Rd Cnr Lombard Rd, Northmead, NSW, 2152",2152,open_charge_map,no_candidate,,,,,,
801,Exploren,"Anderson St, Sydney, 2067",2067,open_charge_map,no_candidate,,,,,,
804,BP,"Avenue Rd, Sydney, 2088",2088,open_charge_map,no_candidate,,,,,,
810,Exploren,"Bellambi Ln, Wollongong, 2518",2518,open_charge_map,no_candidate,,,,,,
811,JOLT,"Berowra Railway Station, Pacific Highway, Berowra, New South Wales 2081, Australia",2081,open_charge_map,no_candidate,,,,,,
819,Evie,"Camden Valley Way &, Somerset Ave, Narellan NSW 2567",2022,open_charge_map,no_candidate,,,,,,
832,Ampol,"Cnr Dunheved Rd & Henry Lawson Dr, Werrington, NSW, 2747",2747,open_charge_map,no_candidate,,,,,,
833,Evie,"Cnr Elara Bvd &, Northbourne Dr, Sydney, 2765",2765,open_charge_map,no_candidate,,,,,,
836,Evie,"Cnr Miller & Amherst St, Cammeray NSW 2062",2062,open_charge_map,no_candidate,,,,,,
837,Chargefox,"Cnr Trafalgar St & Pembroke St, Sydney, 2024",2024,open_charge_map,no_candidate,,,,,,
841,JOLT,"Cronulla Railway Station, Tonkin Street, Cronulla, New South Wales 2230, Australia",2230,open_charge_map,no_candidate,,,,,,
856,Evie,"Franklin St, Sydney, 2036",2036,open_charge_map,no_candidate,,,,,,
858,JOLT,"Gardeners Rd, Sydney, 2020",2020,open_charge_map,no_candidate,,,,,,
859,JOLT,"Gardeners Rd, Sydney, 2020",2020,open_charge_map,no_candidate,,,,,,
870,NRMA,"Hastings St, Wauchope, 2446",2446,open_charge_map,no_candidate,,,,,,
877,Exploren,"Holborn Ct, Sydney, 2557",2557,open_charge_map,no_candidate,,,,,,
881,BP,"Jersey St, Sydney, 2077",2077,open_charge_map,no_candidate,,,,,,
883,BP,"John Renshaw Dr, Beresfield, 2322",2322,open_charge_map,no_candidate,,,,,,
884,NRMA,"Kable Ave, Tamworth, 2340",2340,open_charge_map,no_candidate,,,,,,
885,NRMA,"Kiewa St, Albury, 2640",2640,open_charge_map,no_candidate,,,,,,
889,Exploren,"Koonya Cct, Sydney, 2229",2229,open_charge_map,no_candidate,,,,,,
891,Engie,"Lake Haven Dr, Lake Haven NSW 2263",2263,open_charge_map,no_candidate,,,,,,
894,Chargefox,"Lauder St, Tumbarumba, 2653",2653,open_charge_map,no_candidate,,,,,,
899,Ampol,"M4 Motorway Westbound, Sydney, 2766",2766,open_charge_map,no_candidate,,,,,,
917,Ampol,"NARELLAN RD CNR MAXWELL PL, Sydney, 2567",2567,open_charge_map,no_candidate,,,,,,
918,Ampol,"Newbridge Road 216, Sydney, 2170",2170,open_charge_map,no_candidate,,,,,,
919,Chargefox,"North Ter, Sydney, 2200",2200,open_charge_map,no_candidate,,,,,,
921,JOLT,"Oatley Railway Station, Oatley Pde, Oatley, New South Wales 2223, Australia",2223,open_charge_map,no_candidate,,,,,,
924,Exploren,"Orchard Ct, Bathurst, 2795",2795,open_charge_map,no_candidate,,,,,,
926,Ampol,"Pacific Hwy Cnr, 13-15 Costa Ave, Charmhaven NSW 2263",2263,open_charge_map,no_candidate,,,,,,
928,Everty,"Parramatta Rd 214, Sydney, 2134",2134,open_charge_map,no_candidate,,,,,,
929,JOLT,"Penrith Railway Station, Jane St, Penrith, New South Wales 2750, Australia",2750,open_charge_map,no_candidate,,,,,,
931,JOLT,"Pittwater Road, Sydney, 2101",2101,open_charge_map,no_candidate,,,,,,
934,Exploren,"Prince of Wales Dr, Sydney, 2073",2073,open_charge_map,no_candidate,,,,,,
947,JOLT,"Rosevillle Railway Station, Hill Street, Roseville, New South Wales 2069, Australia",2069,open_charge_map,no_candidate,,,,,,
953,Exploren,"Shop 2140, Newcastle, 2289",2289,open_charge_map,no_candidate,,,,,,
968,Chargefox,"University of Wollongong, Northfields Avenue, Wollongong NSW 2522, Australia",2522,open_charge_map,no_candidate,,,,,,
969,Exploren,"Valder Way, Charles Sturt University, 2678",2678,open_charge_map,no_candidate,,,,,,
975,Ampol,"Western Motorway, Sydney, 2766",2766,open_charge_map,no_candidate,,,,,,
976,Evie,"William St, Sydney, 2046",2046,open_charge_map,no_candidate,,,,,,
1047,Tesla,197-215 Condamine St Balgowlah NSW 2093 Australia,,open_charge_map,no_candidate,,,,,,
1057,University of Wollongong,"University of Wollongong, Northfields Avenue, Wollongong NSW 2522, Australia",,open_charge_map,no_candidate,,,,,,
1080,Viva Energy Australia,"241 Waterworth Dr, Mount Annan NSW 2567, Australia",,open_charge_map,no_candidate,,,,,,
1336,Evie,"2 Coast Hospital Rd, Little Bay NSW 2036, Australia",2036,open_charge_map,no_candidate,,,,,,
1378,Zeus Renewables,"218 Katoomba St, Katoomba NSW 2780, Australia",2780,open_charge_map,no_candidate,,,,,,
1394,Evie,"234 Miller St, North Sydney NSW 2060, Australia",2060,open_charge_map,no_candidate,,,,,,
1407,Tesla,25 Danks St Waterloo NSW 2017,2017,open_charge_map,no_candidate,,,,,,
1421,Tesla,"260 Victoria Avenue, Chatswood, NSW 2067",2067,open_charge_map,no_candidate,,,,,,
1435,Evie,"2-8 Turramurra Ave, Turramurra NSW 2074, Australia",2074,open_charge_map,no_candidate,,,,,,
1442,NRMA,"29 Perry St, Euston NSW 2737, Australia",2737,open_charge_map,no_candidate,,,,,,
1475,Chargefox,"31 Moate St, Georgetown NSW 2298, Australia",2298,open_charge_map,no_candidate,,,,,,
1513,Tesla,"392 Manns Road, West Gosford NSW 2250 Australia",2250,open_charge_map,no_candidate,,,,,,
1516,Evie,"3A Cowell St, Gladesville NSW 2111, Australia",2111,open_charge_map,no_candidate,,,,,,
1537,NRMA,"424 Hoxton Park Rd, Prestons, NSW, 2170",2170,open_charge_map,no_candidate,,,,,,
1553,Chargefox,"47-49A Cleary St, Hamilton NSW 2303, Australia",2303,open_charge_map,no_candidate,,,,,,
1611,Evie,"592 Anzac Pde, Kingsford NSW 2032, Australia",2032,open_charge_map,no_candidate,,,,,,
1617,Evie,"60-62 Amherst St, Cammeray NSW 2062, Australia",2062,open_charge_map,no_candidate,,,,,,
1658,BP,"7 Northwood Rd, Longueville NSW 2066, Australia",2066,open_charge_map,no_candidate,,,,,,
1667,Tesla,72 Lachlan St Hay NSW 2711 Australia,2711,open_charge_map,no_candidate,,,,,,
1677,BP,"76 Glossop St, North St Marys NSW 2760, Australia",2760,open_charge_map,no_candidate,,,,,,
1684,EVE Australia,"8 Federation Rd, Camperdown NSW 2050, Australia",2050,open_charge_map,no_candidate,,,,,,
1688,NRMA,"8 Stanley St, Bathurst, NSW, 2795, Australia",2795,open_charge_map,no_candidate,,,,,,
1697,Tesla,82 Summer St Orange NSW 2800 Australia,2800,open_charge_map,no_candidate,,,,,,
1699,Tesla,"8275 Pacific Hwy, New Italy NSW 2472",2472,open_charge_map,no_candidate,,,,,,
1707,Evie,"85 South St, Ulladulla NSW 2539, Australia",2539,open_charge_map,no_candidate,,,,,,
1708,Evie,"850 Woodville Rd, Villawood 2163, NSW",2163,open_charge_map,no_candidate,,,,,,
1712,Evie,"872 Anzac Pde, Maroubra, NSW, 2035",2035,open_charge_map,no_candidate,,,,,,
1723,Evie,"9 Vickery Ave, Rose Bay NSW 2029, Australia",2029,open_charge_map,no_candidate,,,,,,
1730,Tesla,"9-17 Short St, Parkes NSW 2870",2870,open_charge_map,no_candidate,,,,,,
1731,Evie,"924 Anzac Pde, Maroubra NSW 2035, Australia",2035,open_charge_map,no_candidate,,,,,,
1748,Evie,"Brewer St, Concord NSW 2137, Australia",2137,open_charge_map,no_candidate,,,,,,
1756,BP,"Cnr Cumberland Hwy & Cabramatta Rd W, Cabramatta NSW 2166, Australia",2166,open_charge_map,no_candidate,,,,,,
1760,NRMA,Council Car Park Lot 4 / DP251076 between 46 Lowe Street Queanbeyan NSW 2620,2620,open_charge_map,no_candidate,,,,,,
1768,NRMA,"Gasworks Ln, Molong, NSW, 2866, Australia",2866,open_charge_map,no_candidate,,,,,,
1785,Evie,"Queens Rd, Five Dock NSW 2046, Australia",2046,open_charge_map,no_candidate,,,,,,
1828,BP,"1 Tasman Rd, Gumly Gumly NSW 2652, Australia",2652,open_charge_map,no_candidate,,,,,,
1832,Tesla,"1/118 Bourke Rd, Alexandria NSW 2015",2015,open_charge_map,no_candidate,,,,,,
1847,EVE Australia,"105-107 Alt St, Ashfield NSW 2131, Australia",2131,open_charge_map,no_candidate,,,,,,
1849,Evie,"106 Parraween St, Cremorne NSW 2090, Australia",2090,open_charge_map,no_candidate,,,,,,
1874,Tesla,117 Tibbereena St Narrabri NSW 2390 Australia,2390,open_charge_map,no_candidate,,,,,,
1888,Evie,"1215 Anzac Pde, Matraville, NSW, 2036",2036,open_charge_map,no_candidate,,,,,,
1891,BP,"1233 Victoria Rd, West Ryde NSW 2114, Australia",2114,open_charge_map,no_candidate,,,,,,
1892,BP,"1234 Princes Hwy, Engadine NSW 2233, Australia",2233,open_charge_map,no_candidate,,,,,,
1899,BP,"13 Southey St, Jerilderie NSW 2716, Australia",2716,open_charge_map,no_candidate,,,,,,
1908,Chargefox,"144 Bayshore Dr, Byron Bay, 2481",2481,open_charge_map,no_candidate,,,,,,
1920,Tesla,"154 Beach Rd, Batemans Bay NSW 2536",2536,open_charge_map,no_candidate,,,,,,
6,Tesla,"1 Bay St, Sydney, 2037",2037,openstreetmap,accepted,operator_and_distance,66.5,Tesla,,,
12,Tesla,"1 Dalgal Way, Sydney, 2037",2037,openstreetmap,accepted,operator_and_distance,26.4,Tesla,,,
20,Chargefox,"1 Greenbridge Dr, Wilton, 2571",2571,openstreetmap,accepted,operator_and_distance,2.9,Chargefox,,,
28,NRMA,"1 Little Walker St, Casino, NSW 2470, Australia",2622,openstreetmap,accepted,operator_and_distance,38.0,NRMA,,,
37,Evie,"1 Perry St, Batemans Bay, 2536",2536,openstreetmap,accepted,operator_and_distance,303.9,Evie,,,
51,Evie,"10 Brookfield Rd, Minto NSW 2566",2566,openstreetmap,accepted,operator_and_distance,5.6,Evie,,,
54,Evie,"10 Elizabeth St, Bathurst, 2795",2795,openstreetmap,accepted,operator_and_distance,6.0,Evie,,,
67,Ampol,"105 Station Rd, Sydney, 2147",2147,openstreetmap,accepted,operator_and_distance,4.9,Ampol,,,
196,NRMA,"15c Mitchell St, Bourke, NSW 2840, Australia",2453,openstreetmap,accepted,operator_and_distance,29.8,NRMA,,,
198,NRMA,"16 Berry St, Nowra, 2541",2541,openstreetmap,accepted,operator_and_distance,4.7,NRMA,,,
202,JOLT,"16 Oaks Ave, Sydney, 2099",2099,openstreetmap,accepted,operator_and_distance,3.5,JOLT,4-16 Oaks Avenue,,
227,Chargefox,"18 Silver St, Sydney, 2031",2031,openstreetmap,accepted,operator_and_distance,8.5,Chargefox,,,
248,JOLT,"19 Richmond Rd, Sydney, 2140",2140,openstreetmap,accepted,operator_and_distance,5.6,JOLT,,,
254,Tesla,197-215 Condamine St Balgowlah NSW 2093 Australia,2093,openstreetmap,accepted,operator_and_distance,49.5,Tesla,,,
256,Ampol,"198 Great Western Highway, Hazelbrook, NSW, 2779",2779,openstreetmap,accepted,operator_and_distance,23.3,Ampol,,,
265,BP,"2 Corkwood Rd, Valla, 2448",2448,openstreetmap,accepted,operator_and_distance,6.2,BP,,,
288,Evie,"2 Stewart St, Lithgow, 2790",2790,openstreetmap,accepted,operator_and_distance,72.5,Evie,,,
310,Evie,"205 Old Hume Hwy, Mittagong, 2575",2575,openstreetmap,accepted,operator_and_distance,2.6,Evie,,,
312,Ampol,"2072 Camden Valley Way, Edmondson Park, NSW, 2174",2174,openstreetmap,accepted,operator_and_distance,38.6,Ampol,,,
335,Evie,"224 Prospect Hwy, Seven Hills NSW 2147",2147,openstreetmap,accepted,operator_and_distance,7.6,Evie,,,
339,JOLT,"2260 Camden Valley Way, Sydney, 2170",2170,openstreetmap,accepted,operator_and_distance,7.8,JOLT,,,
340,JOLT,"2260 Camden Valley Way, Sydney, 2170",2170,openstreetmap,accepted,operator_and_distance,19.1,JOLT,,,
352,BP,"2398 Pacific Hwy, Heatherbrae, 2324",2324,openstreetmap,accepted,operator_and_distance,7.2,BP,,,
360,Viva Energy Australia,"241 Waterworth Dr, Mount Annan NSW 2567, Australia",2567,openstreetmap,accepted,distance_only,42.5,Shell Recharge Solutions,,,
377,Tesla,"26 Aspect Dr, Coffs Harbour, 2450",2450,openstreetmap,accepted,operator_and_distance,157.3,Tesla,,,
378,Evie,"26 Bent St, Sydney, 2137",2137,openstreetmap,accepted,operator_and_distance,7.5,Evie,,,
401,Evie,"2848 Pacific Hwy, Tyndale NSW, 2464",2464,openstreetmap,accepted,operator_and_distance,3.1,Evie,,,
421,Chargefox,"3 Corkhill Pl, Bega, 2550",2550,openstreetmap,accepted,operator_and_distance,54.9,Chargefox,,,
423,Evie,"3 George St, North Strathfield NSW 2137",2137,openstreetmap,accepted,operator_and_distance,9.9,Evie,,,
432,JOLT,"30 Dowling St, Sydney, 2096",2096,openstreetmap,accepted,operator_and_distance,2.0,JOLT,30 Dowling Street,,
438,Tesla,"30-36 Sharp St, Cooma, 2630",2630,openstreetmap,accepted,operator_and_distance,5.5,Tesla,,,
451,Exploren,"316 Victoria Rd, Sydney, 2116",2116,openstreetmap,accepted,operator_and_distance,63.8,Exploren,,,
495,BP,"368 Anzac Pde, Sydney, 2032",2032,openstreetmap,accepted,operator_and_distance,9.1,BP,,,
500,Tesla,"375-383 Windsor Rd, Sydney, 2153",2153,openstreetmap,accepted,operator_and_distance,59.5,Tesla,,,
511,Evie,"3A Cowell St, Sydney, 2111",2111,openstreetmap,accepted,operator_and_distance,20.1,Evie,,,
517,Evie,"4 Tindall St, Sydney, 2560",2560,openstreetmap,accepted,operator_and_distance,6.2,Evie,,,
532,BP,"41 Bruxner Hwy, Ballina, 2478",2478,openstreetmap,accepted,operator_and_distance,5.2,BP,,,
569,Exploren,"461 Victoria Rd, Sydney, 2111",2111,openstreetmap,accepted,operator_and_distance,34.3,Exploren,,,
591,Evie,"5 Willowdale Dr, Denham Court NSW 2565",2565,openstreetmap,accepted,operator_and_distance,3.2,Evie,,,
592,NRMA,"50 Bathurst St, Brewarrina, NSW 2839, Australia",2390,openstreetmap,accepted,operator_and_distance,32.3,NRMA,,,
616,Evie,"54 Minjungbal Dr, Tweed Heads, 2486",2486,openstreetmap,accepted,operator_and_distance,3.8,Evie,,,
642,Evie,"594 Anzac Pde, Sydney, 2032",2032,openstreetmap,accepted,operator_and_distance,16.8,Evie,,,
649,NRMA,"6 Castlereagh St Gilgandra, NSW 2827, Australia",2832,openstreetmap,accepted,operator_and_distance,35.2,NRMA,,,
669,Evie,"634-726 Princes Hwy, Tempe NSW 2044",2044,openstreetmap,accepted,operator_and_distance,14.3,Evie,,,
680,Ampol,"69-71 Central Coast Hwy, Gosford West, NSW, 2250",2250,openstreetmap,accepted,operator_and_distance,94.6,Ampol,,,
710,Evie,"772 Anzac Pde, Sydney, 2035",2035,openstreetmap,accepted,operator_and_distance,7.0,Evie,,,
717,Exploren,"8 Euston Rd, Sydney, 2015",2015,openstreetmap,accepted,operator_and_distance,13.7,Exploren,,,
721,BP,"8 Kosciuszko Rd, Jindabyne, 2627",2627,openstreetmap,accepted,operator_and_distance,15.6,BP,,,
726,NRMA,"8/24 Cross St, Wagga Wagga, NSW 2650",2827,openstreetmap,accepted,operator_and_distance,153.5,NRMA,,,
734,JOLT,"819-827 Anzac Pde, Sydney, 2035",2035,openstreetmap,accepted,operator_and_distance,7.8,JOLT,,,
746,Evie,"872 Anzac Pde, Sydney, 2035",2035,openstreetmap,accepted,operator_and_distance,14.0,Evie,,,
747,Ampol,"875 Richmond Rd, Marsden Park, NSW, 2765",2765,openstreetmap,accepted,operator_and_distance,47.8,Ampol,,,
774,Ampol,"917-923 Old Northern Rd, Dural, NSW, 2158",2158,openstreetmap,accepted,operator_and_distance,14.7,Ampol,,,
778,ChargeHub,"93 Princes Hwy, Ulladulla, 2539",2539,openstreetmap,accepted,distance_only,6.9,,,,
792,Ampol,"98-100 Windsor Rd Cnr Lombard Rd, Northmead, NSW, 2152",2152,openstreetmap,accepted,operator_and_distance,13.1,Ampol,,,
819,Evie,"Camden Valley Way &, Somerset Ave, Narellan NSW 2567",2022,openstreetmap,accepted,operator_and_distance,362.8,Evie,,,
832,Ampol,"Cnr Dunheved Rd & Henry Lawson Dr, Werrington, NSW, 2747",2747,openstreetmap,accepted,operator_and_distance,97.6,Ampol,,,
858,JOLT,"Gardeners Rd, Sydney, 2020",2020,openstreetmap,accepted,operator_and_distance,36.3,JOLT,,,
859,JOLT,"Gardeners Rd, Sydney, 2020",2020,openstreetmap,accepted,operator_and_distance,31.3,JOLT,,,
877,Exploren,"Holborn Ct, Sydney, 2557",2557,openstreetmap,accepted,operator_and_distance,103.8,Exploren,,,
881,BP,"Jersey St, Sydney, 2077",2077,openstreetmap,accepted,operator_and_distance,3.8,BP,,,
885,NRMA,"Kiewa St, Albury, 2640",2640,openstreetmap,accepted,operator_and_distance,3.0,NRMA,,,
894,Chargefox,"Lauder St, Tumbarumba, 2653",2653,openstreetmap,accepted,operator_and_distance,4.6,Chargefox,,,
899,Ampol,"M4 Motorway Westbound, Sydney, 2766",2766,openstreetmap,accepted,operator_and_distance,123.0,Ampol,,,
917,Ampol,"NARELLAN RD CNR MAXWELL PL, Sydney, 2567",2567,openstreetmap,accepted,operator_and_distance,71.7,Ampol,,,
918,Ampol,"Newbridge Road 216, Sydney, 2170",2170,openstreetmap,accepted,operator_and_distance,37.2,Ampol,,,
969,Exploren,"Valder Way, Charles Sturt University, 2678",2678,openstreetmap,accepted,operator_and_distance,350.7,Exploren,,,
975,Ampol,"Western Motorway, Sydney, 2766",2766,openstreetmap,accepted,operator_and_distance,168.0,Ampol,,,
976,Evie,"William St, Sydney, 2046",2046,openstreetmap,accepted,operator_and_distance,3.7,Evie,,,
1047,Tesla,197-215 Condamine St Balgowlah NSW 2093 Australia,,openstreetmap,accepted,operator_and_distance,36.9,Tesla,,,
1080,Viva Energy Australia,"241 Waterworth Dr, Mount Annan NSW 2567, Australia",,openstreetmap,accepted,distance_only,18.6,Shell Recharge Solutions,,,
1407,Tesla,25 Danks St Waterloo NSW 2017,2017,openstreetmap,accepted,operator_and_distance,175.5,Tesla,,,
1513,Tesla,"392 Manns Road, West Gosford NSW 2250 Australia",2250,openstreetmap,accepted,operator_and_distance,106.3,Tesla,,,
1516,Evie,"3A Cowell St, Gladesville NSW 2111, Australia",2111,openstreetmap,accepted,operator_and_distance,31.1,Evie,,,
1611,Evie,"592 Anzac Pde, Kingsford NSW 2032, Australia",2032,openstreetmap,accepted,operator_and_distance,79.2,Evie,,,
1636,Evie,"65 Hume St, Crows Nest NSW 2065, Australia",2065,openstreetmap,accepted,operator_and_distance,69.4,Evie,,,
1658,BP,"7 Northwood Rd, Longueville NSW 2066, Australia",2066,openstreetmap,accepted,operator_and_distance,13.9,BP,,,
1667,Tesla,72 Lachlan St Hay NSW 2711 Australia,2711,openstreetmap,accepted,operator_and_distance,14.0,Tesla,,,
1677,BP,"76 Glossop St, North St Marys NSW 2760, Australia",2760,openstreetmap,accepted,operator_and_distance,8.1,BP,,,
1688,NRMA,"8 Stanley St, Bathurst, NSW, 2795, Australia",2795,openstreetmap,accepted,operator_and_distance,31.9,NRMA,,,
1708,Evie,"850 Woodville Rd, Villawood 2163, NSW",2163,openstreetmap,accepted,operator_and_distance,61.8,Evie,,,
1712,Evie,"872 Anzac Pde, Maroubra, NSW, 2035",2035,openstreetmap,accepted,operator_and_distance,272.2,Evie,,,
1730,Tesla,"9-17 Short St, Parkes NSW 2870",2870,openstreetmap,accepted,operator_and_distance,71.0,Tesla,,,
1731,Evie,"924 Anzac Pde, Maroubra NSW 2035, Australia",2035,openstreetmap,accepted,operator_and_distance,60.2,Evie,,,
1748,Evie,"Brewer St, Concord NSW 2137, Australia",2137,openstreetmap,accepted,operator_and_distance,149.5,Evie,,,
1768,NRMA,"Gasworks Ln, Molong, NSW, 2866, Australia",2866,openstreetmap,accepted,operator_and_distance,43.6,NRMA,,,
1785,Evie,"Queens Rd, Five Dock NSW 2046, Australia",2046,openstreetmap,accepted,operator_and_distance,363.0,Evie,,,
1828,BP,"1 Tasman Rd, Gumly Gumly NSW 2652, Australia",2652,openstreetmap,accepted,operator_and_distance,53.9,BP,,,
1832,Tesla,"1/118 Bourke Rd, Alexandria NSW 2015",2015,openstreetmap,accepted,operator_and_distance,42.2,Tesla,,,
1874,Tesla,117 Tibbereena St Narrabri NSW 2390 Australia,2390,openstreetmap,accepted,operator_and_distance,167.4,Tesla,,,
1892,BP,"1234 Princes Hwy, Engadine NSW 2233, Australia",2233,openstreetmap,accepted,operator_and_distance,28.0,BP,,,
1899,BP,"13 Southey St, Jerilderie NSW 2716, Australia",2716,openstreetmap,accepted,operator_and_distance,34.5,BP,,,
1920,Tesla,"154 Beach Rd, Batemans Bay NSW 2536",2536,openstreetmap,accepted,operator_and_distance,119.1,Tesla,,,
1933,Tesla,"162 Rouse St, Tenterfield NSW 2372, Australia",2372,openstreetmap,accepted,operator_and_distance,76.7,Tesla,,,
696,JOLT,"725 Pittwater Rd, Sydney, 2099",2099,openstreetmap,rejected,operator_and_distance,158.3,JOLT,4-16 Oaks Avenue,,address_conflict
7,Evie,"1 Bells Blvd, Kingscliff, 2487",2487,openstreetmap,no_candidate,,,,,,
17,Evie,"1 Frederick St, Sydney, 2064",2064,openstreetmap,no_candidate,,,,,,
38,Exploren,"1 Plunkett St, Sydney, 2065",2065,openstreetmap,no_candidate,,,,,,
48,Tesla,"1 Wharf St, Tweed Heads, 2485",2485,openstreetmap,no_candidate,,,,,,
50,Evie,"1/9 Railway Parade, Kogarah NSW 2217",2217,openstreetmap,no_candidate,,,,,,
68,Evie,"106 Parraween St, Sydney, 2090",2090,openstreetmap,no_candidate,,,,,,
70,JOLT,"1068 Pittwater Rd, Sydney, 2097",2097,openstreetmap,no_candidate,,,,,,
73,JOLT,"109 Beecroft Rd, Sydney, 2119",2119,openstreetmap,no_candidate,,,,,,
77,NRMA,"10W Apsley St, Walcha NSW 2354, Australia",2839,openstreetmap,no_candidate,,,,,,
84,JOLT,"11 Scott St, Sydney, 2170",2170,openstreetmap,no_candidate,,,,,,
92,JOLT,"11-37 Alexandria Pde, Sydney, 2077",2077,openstreetmap,no_candidate,,,,,,
110,Engie,"12 Jacksons Rd, Warriewood NSW 2102",2102,openstreetmap,no_candidate,,,,,,
111,Evie,"12 Lord St, Botany NSW 2019",2019,openstreetmap,no_candidate,,,,,,
118,Exploren,"121 Princes Hwy, Wollongong, 2519",2519,openstreetmap,no_candidate,,,,,,
125,Chargefox,"127 Conadilly St, Gunnedah, 2380",2380,openstreetmap,no_candidate,,,,,,
128,Evie,"1-3 Dural St, Hornsby NSW 2077",2077,openstreetmap,no_candidate,,,,,,
136,Evie,"13-17 Princes Hwy, Albion Park Rail NSW 2527",2527,openstreetmap,no_candidate,,,,,,
138,JOLT,"133 Liverpool Rd, Sydney, 2134",2134,openstreetmap,no_candidate,,,,,,
140,Ampol,"133 Wyndham St Cnr Mcevoy St, Alexandria, NSW, 2015",2015,openstreetmap,no_candidate,,,,,,
151,JOLT,"14 Everton Rd, Sydney, 2135",2135,openstreetmap,no_candidate,,,,,,
154,Exploren,"140 Denison St, Sydney, 2036",2036,openstreetmap,no_candidate,,,,,,
156,JOLT,"141 Morgan St, Sydney, 2209",2209,openstreetmap,no_candidate,,,,,,
157,Engie,"141 Roselands Ave, Roselands NSW 2196",2196,openstreetmap,no_candidate,,,,,,
167,JOLT,"149 Alison Rd, Sydney, 2031",2031,openstreetmap,no_candidate,,,,,,
175,JOLT,"15 Merriville Rd, Sydney, 2155",2155,openstreetmap,no_candidate,,,,,,
176,JOLT,"15 Merriville Rd, Sydney, 2155",2155,openstreetmap,no_candidate,,,,,,
178,Evie,"15 Ridge St, Sydney, 2060",2060,openstreetmap,no_candidate,,,,,,
181,Ampol,"1509-1511 Pittwater Rd, Sydney, 2101",2101,openstreetmap,no_candidate,,,,,,
182,JOLT,"151 Beauchamp Rd, Sydney, 2036",2036,openstreetmap,no_candidate,,,,,,
186,Evie,"152 Pacific Hwy, 36 Josephson St, Swansea NSW 2281",2281,openstreetmap,no_candidate,,,,,,
191,Wevolt,"156 Melbourne St, Mulwala, 2647",2647,openstreetmap,no_candidate,,,,,,
205,Chargefox,"16-20 Goodhope St, Sydney, 2021",2021,openstreetmap,no_candidate,,,,,,
207,Ampol,"164 Mona Vale Rd, St Ives, NSW, 2075",2075,openstreetmap,no_candidate,,,,,,
211,BP,"169 Willoughby Rd, Sydney, 2065",2065,openstreetmap,no_candidate,,,,,,
214,Chargefox,"17 Smith St, Sydney, 2067",2067,openstreetmap,no_candidate,,,,,,
216,NRMA,"17 Stewart St, Wollongong NSW 2500, Australia",2453,openstreetmap,no_candidate,,,,,,
218,Exploren,"173 The Vineyards Rd, Lake George, 2581",2581,openstreetmap,no_candidate,,,,,,
225,NRMA,"18 Dandaloo St, Nyngan, NSW 2825, Australia",2360,openstreetmap,no_candidate,,,,,,
247,Evie,"1-9 Railway Parade, Kogarah NSW 2217",2217,openstreetmap,no_candidate,,,,,,
249,BP,"19 Windsor Rd, Sydney, 2155",2155,openstreetmap,no_candidate,,,,,,
257,Evie,"1985 Camden Valley Way, Prestons NSW 2170",2170,openstreetmap,no_candidate,,,,,,
264,Evie,"2 Coast Hospital Rd, Sydney, 2036",2036,openstreetmap,no_candidate,,,,,,
268,Exploren,"2 Hannabus Pl, Windsor, 2756",2756,openstreetmap,no_candidate,,,,,,
279,JOLT,"2 Premier St, Sydney, 2217",2217,openstreetmap,no_candidate,,,,,,
281,Chargefox,"2 Riddell St, Sydney, 2023",2023,openstreetmap,no_candidate,,,,,,
286,Chargefox,"2 Sentry Dr, Sydney, 2768",2768,openstreetmap,no_candidate,,,,,,
295,Chargefox,"20 Owen St, Sydney, 2761",2761,openstreetmap,no_candidate,,,,,,
298,Evie,"20 Smidmore St, Marrickville NSW 2204",2204,openstreetmap,no_candidate,,,,,,
313,NRMA,"2090 Broke Rd, Pokolbin, 2320",2320,openstreetmap,no_candidate,,,,,,
329,JOLT,"22 Cook Ln, Sydney, 2223",2223,openstreetmap,no_candidate,,,,,,
331,Evie,"220 Taren Point Rd, Caringbah NSW 2229",2229,openstreetmap,no_candidate,,,,,,
332,Evie,"221 Wolseley St, Jamisontown NSW 2750",2614,openstreetmap,no_candidate,,,,,,
333,JOLT,"22-24 Park Ave, Sydney, 2134",2134,openstreetmap,no_candidate,,,,,,
342,Everty,"228-234 Pacific Hwy, Swansea NSW, 2281",2281,openstreetmap,no_candidate,,,,,,
347,JOLT,"230 Arden St, Sydney, 2034",2034,openstreetmap,no_candidate,,,,,,
358,Evie,"240 Hillsborough Rd, Warners Bay NSW 2282",2282,openstreetmap,no_candidate,,,,,,
366,Evie,"247 Belmore Rd, Riverwood NSW 2210",2210,openstreetmap,no_candidate,,,,,,
375,JOLT,"25-47 Ocean St, Sydney, 2101",2101,openstreetmap,no_candidate,,,,,,
379,NRMA,"26 Neilly St, Walgett, NSW 2832, Australia",2337,openstreetmap,no_candidate,,,,,,
383,Evie,"260 Jersey Rd, Plumpton NSW 2761",2761,openstreetmap,no_candidate,,,,,,
392,Evie,"27-33 Oaks Ave, Dee Why NSW 2099",2099,openstreetmap,no_candidate,,,,,,
398,Evie,"2-8 Turramurra Ave, Sydney, 2074",2074,openstreetmap,no_candidate,,,,,,
404,JOLT,"29 Windsor Rd, Sydney, 2155",2155,openstreetmap,no_candidate,,,,,,
407,JOLT,"293 Belmore Rd, Sydney, 2210",2210,openstreetmap,no_candidate,,,,,,
418,Evie,"3 Bungendore Rd, Queanbeyan NSW 2620",2620,openstreetmap,no_candidate,,,,,,
426,Evie,"3 Leisure Dr, Tweed Heads, 2486",2486,openstreetmap,no_candidate,,,,,,
434,JOLT,"302-312 Parramatta Rd, Sydney, 2134",2134,openstreetmap,no_candidate,,,,,,
435,Chargefox,"303 Henry Parry Dr, Central Coast, 2250",2250,openstreetmap,no_candidate,,,,,,
440,Exploren,"30A Richland St, Sydney, 2208",2208,openstreetmap,no_candidate,,,,,,
444,JOLT,"31 Treacy St, Sydney, 2220",2220,openstreetmap,no_candidate,,,,,,
456,Chargefox,"320 Princes Hwy, Bomaderry, 2541",2541,openstreetmap,no_candidate,,,,,,
459,BP,"328 Main Rd, Newcastle, 2285",2285,openstreetmap,no_candidate,,,,,,
463,Chargefox,"33 Moate St, Newcastle, 2298",2298,openstreetmap,no_candidate,,,,,,
476,Ampol,"342 Kanahooka Rd, Brownsville, NSW, 2530",2530,openstreetmap,no_candidate,,,,,,
479,Engie,"345 Victoria Ave, Chatswood NSW 2067",2067,openstreetmap,no_candidate,,,,,,
502,Chargefox,"38 Flora St, Sydney, 2232",2232,openstreetmap,no_candidate,,,,,,
519,Evie,"40 Gouldsbury St, Sydney, 2088",2088,openstreetmap,no_candidate,,,,,,
520,Chargefox,"40 Jersey Rd, Sydney, 2770",2770,openstreetmap,no_candidate,,,,,,
524,JOLT,"40 Panmure St, Sydney, 2155",2155,openstreetmap,no_candidate,,,,,,
530,Chargefox,"405 Pacific Hwy, Sydney, 2064",2064,openstreetmap,no_candidate,,,,,,
536,Exploren,"41 Yobarnie Ave, Richmond, 2754",2754,openstreetmap,no_candidate,,,,,,
540,Chargefox,"417-439 Bunnerong Rd, Sydney, 2035",2035,openstreetmap,no_candidate,,,,,,
552,JOLT,"44 Broadarrow Rd, Sydney, 2209",2209,openstreetmap,no_candidate,,,,,,
562,Exploren,"455 George St, Sydney, 2000",2000,openstreetmap,no_candidate,,,,,,
573,JOLT,"472 Pacific Hwy, Sydney, 2066",2066,openstreetmap,no_candidate,,,,,,
574,Chargefox,"47-49A Cleary St, Newcastle, 2303",2303,openstreetmap,no_candidate,,,,,,
575,Ampol,"481 Princes Hwy, Sydney, 2232",2232,openstreetmap,no_candidate,,,,,,
576,BP,"487 Sydney Rd, Sydney, 2093",2093,openstreetmap,no_candidate,,,,,,
588,Exploren,"5 Ray St, Sydney, 2074",2074,openstreetmap,no_candidate,,,,,,
594,Chargefox,"50 O'Sullivan Rd, Sydney, 2029",2029,openstreetmap,no_candidate,,,,,,
600,Ampol,"516 Punchbowl Rd Cnr Wangee Rd, Lakemba, NSW, 2195",2195,openstreetmap,no_candidate,,,,,,
613,JOLT,"54 Brighton St, Sydney, 2132",2132,openstreetmap,no_candidate,,,,,,
622,JOLT,"550 Bunnerong Rd, Sydney, 2036",2036,openstreetmap,no_candidate,,,,,,
640,JOLT,"59 The Centre, Sydney, 2087",2087,openstreetmap,no_candidate,,,,,,
657,Evie,"60 Glenwood Park Dr, Glenwood NSW 2768",2768,openstreetmap,no_candidate,,,,,,
662,Evie,"60-62 Amherst St, Sydney, 2062",2062,openstreetmap,no_candidate,,,,,,
665,Evie,"620-658 Terrigal Dr, Central Coast, 2250",2250,openstreetmap,no_candidate,,,,,,
672,Chargefox,"66 Princes Hwy, Wollongong, 2519",2519,openstreetmap,no_candidate,,,,,,
674,Exploren,"67 Roberts Rd, Sydney, 2190",2190,openstreetmap,no_candidate,,,,,,
677,JOLT,"670 Richmond Rd, Sydney, 2761",2761,openstreetmap,no_candidate,,,,,,
685,Exploren,"7 Pemell Street, Toronto, 2283",2283,openstreetmap,no_candidate,,,,,,
699,Chargefox,"731-741 Military Rd, Sydney, 2088",2088,openstreetmap,no_candidate,,,,,,
702,Ampol,"741 George St, Windsor, 2756",2756,openstreetmap,no_candidate,,,,,,
711,Chargefox,"773 Old South Head Rd, Sydney, 2030",2030,openstreetmap,no_candidate,,,,,,
714,Chargefox,"7-9 Irvine Pl, Sydney, 2153",2153,openstreetmap,no_candidate,,,,,,
718,Exploren,"8 Federation Rd, Sydney, 2050",2050,openstreetmap,no_candidate,,,,,,
727,NRMA,"80 Little Barber St, Gunnedah, 2380",2380,openstreetmap,no_candidate,,,,,,
729,NRMA,"81 Hickory St, Dorrigo, NSW 2453, Australia",2829,openstreetmap,no_candidate,,,,,,
745,JOLT,"87 Winbourne Rd, Sydney, 2100",2100,openstreetmap,no_candidate,,,,,,
748,Ampol,"87-91 Roberts Rd Cnr Moondo St, Greenacre, NSW, 2190",2190,openstreetmap,no_candidate,,,,,,
753,Tesla,"888 Pittwater Rd, Sydney, 2099",2099,openstreetmap,no_candidate,,,,,,
754,Evie,"88-90 Houston Rd, Sydney, 2032",2032,openstreetmap,no_candidate,,,,,,
755,NRMA,"89 Barwan St, Narrabri, NSW 2390, Australia,",2372,openstreetmap,no_candidate,,,,,,
757,BP,"89 Williamson Rd, Sydney, 2565",2565,openstreetmap,no_candidate,,,,,,
765,Ampol,"9 Flinders St, Wollongong North, NSW, 2500",2500,openstreetmap,no_candidate,,,,,,
766,JOLT,"9 Lagoon St, Sydney, 2101",2101,openstreetmap,no_candidate,,,,,,
769,Evie,"9 Vickery Ave, Sydney, 2029",2029,openstreetmap,no_candidate,,,,,,
775,Evie,"92 Houston Rd, Kingsford NSW 2032, Australia",2032,openstreetmap,no_candidate,,,,,,
779,Evie,"930 Old Northern Rd, Glenorie NSW 2157",2157,openstreetmap,no_candidate,,,,,,
787,Chargefox,"96-100 Centennial Cct, Byron Bay, 2481",2481,openstreetmap,no_candidate,,,,,,
791,Chargefox,"97R Brook St, Sydney, 2034",2034,openstreetmap,no_candidate,,,,,,
801,Exploren,"Anderson St, Sydney, 2067",2067,openstreetmap,no_candidate,,,,,,
804,BP,"Avenue Rd, Sydney, 2088",2088,openstreetmap,no_candidate,,,,,,
810,Exploren,"Bellambi Ln, Wollongong, 2518",2518,openstreetmap,no_candidate,,,,,,
811,JOLT,"Berowra Railway Station, Pacific Highway, Berowra, New South Wales 2081, Australia",2081,openstreetmap,no_candidate,,,,,,
833,Evie,"Cnr Elara Bvd &, Northbourne Dr, Sydney, 2765",2765,openstreetmap,no_candidate,,,,,,
836,Evie,"Cnr Miller & Amherst St, Cammeray NSW 2062",2062,openstreetmap,no_candidate,,,,,,
837,Chargefox,"Cnr Trafalgar St & Pembroke St, Sydney, 2024",2024,openstreetmap,no_candidate,,,,,,
841,JOLT,"Cronulla Railway Station, Tonkin Street, Cronulla, New South Wales 2230, Australia",2230,openstreetmap,no_candidate,,,,,,
856,Evie,"Franklin St, Sydney, 2036",2036,openstreetmap,no_candidate,,,,,,
870,NRMA,"Hastings St, Wauchope, 2446",2446,openstreetmap,no_candidate,,,,,,
883,BP,"John Renshaw Dr, Beresfield, 2322",2322,openstreetmap,no_candidate,,,,,,
884,NRMA,"Kable Ave, Tamworth, 2340",2340,openstreetmap,no_candidate,,,,,,
889,Exploren,"Koonya Cct, Sydney, 2229",2229,openstreetmap,no_candidate,,,,,,
891,Engie,"Lake Haven Dr, Lake Haven NSW 2263",2263,openstreetmap,no_candidate,,,,,,
919,Chargefox,"North Ter, Sydney, 2200",2200,openstreetmap,no_candidate,,,,,,
921,JOLT,"Oatley Railway Station, Oatley Pde, Oatley, New South Wales 2223, Australia",2223,openstreetmap,no_candidate,,,,,,
924,Exploren,"Orchard Ct, Bathurst, 2795",2795,openstreetmap,no_candidate,,,,,,
926,Ampol,"Pacific Hwy Cnr, 13-15 Costa Ave, Charmhaven NSW 2263",2263,openstreetmap,no_candidate,,,,,,
928,Everty,"Parramatta Rd 214, Sydney, 2134",2134,openstreetmap,no_candidate,,,,,,
929,JOLT,"Penrith Railway Station, Jane St, Penrith, New South Wales 2750, Australia",2750,openstreetmap,no_candidate,,,,,,
931,JOLT,"Pittwater Road, Sydney, 2101",2101,openstreetmap,no_candidate,,,,,,
934,Exploren,"Prince of Wales Dr, Sydney, 2073",2073,openstreetmap,no_candidate,,,,,,
947,JOLT,"Rosevillle Railway Station, Hill Street, Roseville, New South Wales 2069, Australia",2069,openstreetmap,no_candidate,,,,,,
953,Exploren,"Shop 2140, Newcastle, 2289",2289,openstreetmap,no_candidate,,,,,,
968,Chargefox,"University of Wollongong, Northfields Avenue, Wollongong NSW 2522, Australia",2522,openstreetmap,no_candidate,,,,,,
1057,University of Wollongong,"University of Wollongong, Northfields Avenue, Wollongong NSW 2522, Australia",,openstreetmap,no_candidate,,,,,,
1336,Evie,"2 Coast Hospital Rd, Little Bay NSW 2036, Australia",2036,openstreetmap,no_candidate,,,,,,
1378,Zeus Renewables,"218 Katoomba St, Katoomba NSW 2780, Australia",2780,openstreetmap,no_candidate,,,,,,
1394,Evie,"234 Miller St, North Sydney NSW 2060, Australia",2060,openstreetmap,no_candidate,,,,,,
1421,Tesla,"260 Victoria Avenue, Chatswood, NSW 2067",2067,openstreetmap,no_candidate,,,,,,
1435,Evie,"2-8 Turramurra Ave, Turramurra NSW 2074, Australia",2074,openstreetmap,no_candidate,,,,,,
1442,NRMA,"29 Perry St, Euston NSW 2737, Australia",2737,openstreetmap,no_candidate,,,,,,
1475,Chargefox,"31 Moate St, Georgetown NSW 2298, Australia",2298,openstreetmap,no_candidate,,,,,,
1537,NRMA,"424 Hoxton Park Rd, Prestons, NSW, 2170",2170,openstreetmap,no_candidate,,,,,,
1553,Chargefox,"47-49A Cleary St, Hamilton NSW 2303, Australia",2303,openstreetmap,no_candidate,,,,,,
1617,Evie,"60-62 Amherst St, Cammeray NSW 2062, Australia",2062,openstreetmap,no_candidate,,,,,,
1684,EVE Australia,"8 Federation Rd, Camperdown NSW 2050, Australia",2050,openstreetmap,no_candidate,,,,,,
1691,Chargefox,"801-899R Bunnerong Rd, Chifley NSW 2036, Australia",2036,openstreetmap,no_candidate,,,,,,
1697,Tesla,82 Summer St Orange NSW 2800 Australia,2800,openstreetmap,no_candidate,,,,,,
1699,Tesla,"8275 Pacific Hwy, New Italy NSW 2472",2472,openstreetmap,no_candidate,,,,,,
1707,Evie,"85 South St, Ulladulla NSW 2539, Australia",2539,openstreetmap,no_candidate,,,,,,
1723,Evie,"9 Vickery Ave, Rose Bay NSW 2029, Australia",2029,openstreetmap,no_candidate,,,,,,
1756,BP,"Cnr Cumberland Hwy & Cabramatta Rd W, Cabramatta NSW 2166, Australia",2166,openstreetmap,no_candidate,,,,,,
1760,NRMA,Council Car Park Lot 4 / DP251076 between 46 Lowe Street Queanbeyan NSW 2620,2620,openstreetmap,no_candidate,,,,,,
1847,EVE Australia,"105-107 Alt St, Ashfield NSW 2131, Australia",2131,openstreetmap,no_candidate,,,,,,
1849,Evie,"106 Parraween St, Cremorne NSW 2090, Australia",2090,openstreetmap,no_candidate,,,,,,
1888,Evie,"1215 Anzac Pde, Matraville, NSW, 2036",2036,openstreetmap,no_candidate,,,,,,
1891,BP,"1233 Victoria Rd, West Ryde NSW 2114, Australia",2114,openstreetmap,no_candidate,,,,,,
1908,Chargefox,"144 Bayshore Dr, Byron Bay, 2481",2481,openstreetmap,no_candidate,,,,,,
